{
  "nodes": 1000,
  "topics": [
    "agi.jobs",
    "agi.control"
  ],
  "durationSeconds": 4,
  "publishRatePerNode": 0.02,
  "latencyMs": 70,
  "lossProbability": 0.005,
  "lossRate": 0.004934389140271493,
  "fanoutMultiplier": 1000,
  "p50": 100.6548009999999,
  "p95": 285.3498480000003,
  "p99": 398.96410399999996,
  "publishes": 884,
  "envelopes": 884000,
  "received": 879638,
  "dropped": 4362,
  "memoryMb": 194.57,
  "cpuUserMs": 4698526
}
