{
  "nodes": 1000,
  "topics": [
    "agi.jobs",
    "agi.control"
  ],
  "durationSeconds": 3,
  "publishRatePerNode": 0.01,
  "latencyMs": 60,
  "lossProbability": 0.005,
  "lossRate": 0.004965779467680609,
  "fanoutMultiplier": 1000,
  "p50": 67.90320800000018,
  "p95": 75.10709500000002,
  "p99": 81.44911299999967,
  "publishes": 526,
  "envelopes": 526000,
  "received": 523388,
  "dropped": 2612,
  "memoryMb": 111.91,
  "cpuUserMs": 1305525
}
